refPeriodId,Year,reporterCode,reporterISO,reporterDesc,flowDesc,partnerCode,partnerISO,Country,tradeValue
20200101,2020,458,MYS,Malaysia,Export,764,THA,Thailand,10786175541
20200101,2020,458,MYS,Malaysia,Export,0,W00,World,2.3405E+11
20200101,2020,458,MYS,Malaysia,Export,90,SLB,Solomon Isds,19853006.8
20200101,2020,458,MYS,Malaysia,Export,654,SHN,Saint Helena,35173.457
20200101,2020,458,MYS,Malaysia,Export,360,IDN,Indonesia,7039109642
20200101,2020,458,MYS,Malaysia,Export,136,CYM,Cayman Isds,181131.493
20200101,2020,458,MYS,Malaysia,Export,275,PSE,State of Palestine,3310693.957
20200101,2020,458,MYS,Malaysia,Export,678,STP,Sao Tome and Principe,372769.989
20200101,2020,458,MYS,Malaysia,Export,10,ATA,Antarctica,104009.957
20200101,2020,458,MYS,Malaysia,Export,500,MSR,Montserrat,4678.74
20200101,2020,458,MYS,Malaysia,Export,670,VCT,Saint Vincent and the Grenadines,1491934.01
20200101,2020,458,MYS,Malaysia,Export,570,NIU,Niue,366.363
20200101,2020,458,MYS,Malaysia,Export,86,IOT,Br. Indian Ocean Terr.,6221.271
20200101,2020,458,MYS,Malaysia,Export,533,ABW,Aruba,39499.394
20200101,2020,458,MYS,Malaysia,Export,232,ERI,Eritrea,1861939.148
20200101,2020,458,MYS,Malaysia,Export,166,CCK,Cocos Isds,39960.203
20200101,2020,458,MYS,Malaysia,Export,12,DZA,Algeria,87475345.34
20200101,2020,458,MYS,Malaysia,Export,178,COG,Congo,42281563.96
20200101,2020,458,MYS,Malaysia,Export,524,NPL,Nepal,37133558.77
20200101,2020,458,MYS,Malaysia,Export,531,CUW,Curaçao,1642796.075
20200101,2020,458,MYS,Malaysia,Export,466,MLI,Mali,14442507.57
20200101,2020,458,MYS,Malaysia,Export,418,LAO,Lao People's Dem. Rep.,13379012.64
20200101,2020,458,MYS,Malaysia,Export,752,SWE,Sweden,353585634.2
20200101,2020,458,MYS,Malaysia,Export,51,ARM,Armenia,1603625.217
20200101,2020,458,MYS,Malaysia,Export,862,VEN,Venezuela,5099960.5
20200101,2020,458,MYS,Malaysia,Export,586,PAK,Pakistan,1132697401
20200101,2020,458,MYS,Malaysia,Export,100,BGR,Bulgaria,112979104.8
20200101,2020,458,MYS,Malaysia,Export,842,USA,USA,25984205303
20200101,2020,458,MYS,Malaysia,Export,800,UGA,Uganda,7325962.57
20200101,2020,458,MYS,Malaysia,Export,52,BRB,Barbados,2393680.669
20200101,2020,458,MYS,Malaysia,Export,792,TUR,Türkiye,1840624475
20200101,2020,458,MYS,Malaysia,Export,804,UKR,Ukraine,127234742.8
20200101,2020,458,MYS,Malaysia,Export,780,TTO,Trinidad and Tobago,20423916.09
20200101,2020,458,MYS,Malaysia,Export,208,DNK,Denmark,209926137.5
20200101,2020,458,MYS,Malaysia,Export,796,TCA,Turks and Caicos Isds,54769.591
20200101,2020,458,MYS,Malaysia,Export,104,MMR,Myanmar,729519569.2
20200101,2020,458,MYS,Malaysia,Export,24,AGO,Angola,140989077.8
20200101,2020,458,MYS,Malaysia,Export,348,HUN,Hungary,527964868
20200101,2020,458,MYS,Malaysia,Export,398,KAZ,Kazakhstan,103156265
20200101,2020,458,MYS,Malaysia,Export,340,HND,Honduras,12425688.74
20200101,2020,458,MYS,Malaysia,Export,8,ALB,Albania,4770145.611
20200101,2020,458,MYS,Malaysia,Export,266,GAB,Gabon,26667078.77
20200101,2020,458,MYS,Malaysia,Export,434,LBY,Libya,14464153.91
20200101,2020,458,MYS,Malaysia,Export,574,NFK,Norfolk Isds,7724207.152
20200101,2020,458,MYS,Malaysia,Export,364,IRN,Iran,320081604.8
20200101,2020,458,MYS,Malaysia,Export,694,SLE,Sierra Leone,21809464.49
20200101,2020,458,MYS,Malaysia,Export,480,MUS,Mauritius,69408511.46
20200101,2020,458,MYS,Malaysia,Export,496,MNG,Mongolia,24769301.96
20200101,2020,458,MYS,Malaysia,Export,316,GUM,Guam,2452707.207
20200101,2020,458,MYS,Malaysia,Export,258,PYF,French Polynesia,7612299.933
20200101,2020,458,MYS,Malaysia,Export,92,VGB,Br. Virgin Isds,118098.277
20200101,2020,458,MYS,Malaysia,Export,584,MHL,Marshall Isds,2070876.635
20200101,2020,458,MYS,Malaysia,Export,268,GEO,Georgia,37400431.8
20200101,2020,458,MYS,Malaysia,Export,768,TGO,Togo,160084196.3
20200101,2020,458,MYS,Malaysia,Export,690,SYC,Seychelles,10425507.54
20200101,2020,458,MYS,Malaysia,Export,320,GTM,Guatemala,32785041.45
20200101,2020,458,MYS,Malaysia,Export,116,KHM,Cambodia,355705363.2
20200101,2020,458,MYS,Malaysia,Export,140,CAF,Central African Rep.,609198.731
20200101,2020,458,MYS,Malaysia,Export,740,SUR,Suriname,8315115.333
20200101,2020,458,MYS,Malaysia,Export,899,_X ,"Areas, nes",28562558.92
20200101,2020,458,MYS,Malaysia,Export,710,ZAF,South Africa,613002955
20200101,2020,458,MYS,Malaysia,Export,757,CHE,Switzerland,641561848.6
20200101,2020,458,MYS,Malaysia,Export,704,VNM,Viet Nam,7352144153
20200101,2020,458,MYS,Malaysia,Export,400,JOR,Jordan,89907379.45
20200101,2020,458,MYS,Malaysia,Export,634,QAT,Qatar,268353781.9
20200101,2020,458,MYS,Malaysia,Export,562,NER,Niger,13311531.2
20200101,2020,458,MYS,Malaysia,Export,729,SDN,Sudan,63079906.52
20200101,2020,458,MYS,Malaysia,Export,854,BFA,Burkina Faso,5461814.063
20200101,2020,458,MYS,Malaysia,Export,834,TZA,United Rep. of Tanzania,156755688.8
20200101,2020,458,MYS,Malaysia,Export,430,LBR,Liberia,15976738.66
20200101,2020,458,MYS,Malaysia,Export,384,CIV,Côte d'Ivoire,114398503.9
20200101,2020,458,MYS,Malaysia,Export,292,GIB,Gibraltar,25355805.22
20200101,2020,458,MYS,Malaysia,Export,96,BRN,Brunei Darussalam,660444995.2
20200101,2020,458,MYS,Malaysia,Export,662,LCA,Saint Lucia,339369.823
20200101,2020,458,MYS,Malaysia,Export,144,LKA,Sri Lanka,625211465.9
20200101,2020,458,MYS,Malaysia,Export,646,RWA,Rwanda,1237919.847
20200101,2020,458,MYS,Malaysia,Export,251,FRA,France,1242432011
20200101,2020,458,MYS,Malaysia,Export,686,SEN,Senegal,62792699.88
20200101,2020,458,MYS,Malaysia,Export,380,ITA,Italy,1301529762
20200101,2020,458,MYS,Malaysia,Export,616,POL,Poland,570797100.4
20200101,2020,458,MYS,Malaysia,Export,540,NCL,New Caledonia,43827206.3
20200101,2020,458,MYS,Malaysia,Export,214,DOM,Dominican Rep.,37812450.91
20200101,2020,458,MYS,Malaysia,Export,204,BEN,Benin,98025340.39
20200101,2020,458,MYS,Malaysia,Export,414,KWT,Kuwait,130330240.4
20200101,2020,458,MYS,Malaysia,Export,776,TON,Tonga,1879412.994
20200101,2020,458,MYS,Malaysia,Export,36,AUS,Australia,5794920462
20200101,2020,458,MYS,Malaysia,Export,388,JAM,Jamaica,13103929.75
20200101,2020,458,MYS,Malaysia,Export,760,SYR,Syria,25490155.02
20200101,2020,458,MYS,Malaysia,Export,624,GNB,Guinea-Bissau,692560.331
20200101,2020,458,MYS,Malaysia,Export,231,ETH,Ethiopia,31670019.47
20200101,2020,458,MYS,Malaysia,Export,242,FJI,Fiji,44785560.55
20200101,2020,458,MYS,Malaysia,Export,192,CUB,Cuba,3154768.946
20200101,2020,458,MYS,Malaysia,Export,196,CYP,Cyprus,10832384.97
20200101,2020,458,MYS,Malaysia,Export,703,SVK,Slovakia,50552252.56
20200101,2020,458,MYS,Malaysia,Export,699,IND,India,7233000122
20200101,2020,458,MYS,Malaysia,Export,528,NLD,Netherlands,5587739409
20200101,2020,458,MYS,Malaysia,Export,392,JPN,Japan,14883236601
20200101,2020,458,MYS,Malaysia,Export,620,PRT,Portugal,104594784.2
20200101,2020,458,MYS,Malaysia,Export,826,GBR,United Kingdom,2375537687
20200101,2020,458,MYS,Malaysia,Export,328,GUY,Guyana,5463439.382
20200101,2020,458,MYS,Malaysia,Export,44,BHS,Bahamas,1382389.355
20200101,2020,458,MYS,Malaysia,Export,50,BGD,Bangladesh,1228195352
20200101,2020,458,MYS,Malaysia,Export,858,URY,Uruguay,17966111.91
20200101,2020,458,MYS,Malaysia,Export,705,SVN,Slovenia,470830286.8
20200101,2020,458,MYS,Malaysia,Export,566,NGA,Nigeria,638932616.5
20200101,2020,458,MYS,Malaysia,Export,660,AIA,Anguilla,41883.132
20200101,2020,458,MYS,Malaysia,Export,818,EGY,Egypt,395419452
20200101,2020,458,MYS,Malaysia,Export,598,PNG,Papua New Guinea,248473104.7
20200101,2020,458,MYS,Malaysia,Export,108,BDI,Burundi,4240.294
20200101,2020,458,MYS,Malaysia,Export,612,PCN,Pitcairn,21690.826
20200101,2020,458,MYS,Malaysia,Export,76,BRA,Brazil,727790406.9
20200101,2020,458,MYS,Malaysia,Export,203,CZE,Czechia,572492627.7
20200101,2020,458,MYS,Malaysia,Export,795,TKM,Turkmenistan,4936714.892
20200101,2020,458,MYS,Malaysia,Export,642,ROU,Romania,144633233.2
20200101,2020,458,MYS,Malaysia,Export,470,MLT,Malta,23020520.66
20200101,2020,458,MYS,Malaysia,Export,148,TCD,Chad,811717.254
20200101,2020,458,MYS,Malaysia,Export,162,CXR,Christmas Isds,1637412.919
20200101,2020,458,MYS,Malaysia,Export,233,EST,Estonia,76996361.9
20200101,2020,458,MYS,Malaysia,Export,20,AND,Andorra,242630.029
20200101,2020,458,MYS,Malaysia,Export,520,NRU,Nauru,542832.326
20200101,2020,458,MYS,Malaysia,Export,184,COK,Cook Isds,242069.541
20200101,2020,458,MYS,Malaysia,Export,772,TKL,Tokelau,6796.032
20200101,2020,458,MYS,Malaysia,Export,352,ISL,Iceland,1453300.326
20200101,2020,458,MYS,Malaysia,Export,262,DJI,Djibouti,110176591.4
20200101,2020,458,MYS,Malaysia,Export,180,COD,Dem. Rep. of the Congo,18019642.3
20200101,2020,458,MYS,Malaysia,Export,4,AFG,Afghanistan,118273054
20200101,2020,458,MYS,Malaysia,Export,56,BEL,Belgium,1073769411
20200101,2020,458,MYS,Malaysia,Export,417,KGZ,Kyrgyzstan,1086664.537
20200101,2020,458,MYS,Malaysia,Export,428,LVA,Latvia,26136459.18
20200101,2020,458,MYS,Malaysia,Export,132,CPV,Cabo Verde,4293561.693
20200101,2020,458,MYS,Malaysia,Export,600,PRY,Paraguay,4287897.342
20200101,2020,458,MYS,Malaysia,Export,894,ZMB,Zambia,5366782.376
20200101,2020,458,MYS,Malaysia,Export,706,SOM,Somalia,89901070.64
20200101,2020,458,MYS,Malaysia,Export,580,MNP,N. Mariana Isds,724176.737
20200101,2020,458,MYS,Malaysia,Export,28,ATG,Antigua and Barbuda,460558.395
20200101,2020,458,MYS,Malaysia,Export,288,GHA,Ghana,299272574.9
20200101,2020,458,MYS,Malaysia,Export,60,BMU,Bermuda,1049133.748
20200101,2020,458,MYS,Malaysia,Export,152,CHL,Chile,161869392.9
20200101,2020,458,MYS,Malaysia,Export,882,WSM,Samoa,3543144.331
20200101,2020,458,MYS,Malaysia,Export,688,SRB,Serbia,6327664.531
20200101,2020,458,MYS,Malaysia,Export,643,RUS,Russian Federation,723215239.2
20200101,2020,458,MYS,Malaysia,Export,887,YEM,Yemen,197729458.4
20200101,2020,458,MYS,Malaysia,Export,32,ARG,Argentina,126821808.7
20200101,2020,458,MYS,Malaysia,Export,124,CAN,Canada,946355522.9
20200101,2020,458,MYS,Malaysia,Export,450,MDG,Madagascar,83134281.13
20200101,2020,458,MYS,Malaysia,Export,156,CHN,China,37878831339
20200101,2020,458,MYS,Malaysia,Export,48,BHR,Bahrain,61183504.04
20200101,2020,458,MYS,Malaysia,Export,64,BTN,Bhutan,1325836.243
20200101,2020,458,MYS,Malaysia,Export,583,FSM,FS Micronesia,720266.646
20200101,2020,458,MYS,Malaysia,Export,218,ECU,Ecuador,25672503.12
20200101,2020,458,MYS,Malaysia,Export,170,COL,Colombia,101071533.4
20200101,2020,458,MYS,Malaysia,Export,191,HRV,Croatia,17998907.58
20200101,2020,458,MYS,Malaysia,Export,784,ARE,United Arab Emirates,2020203460
20200101,2020,458,MYS,Malaysia,Export,724,ESP,Spain,980682672.3
20200101,2020,458,MYS,Malaysia,Export,512,OMN,Oman,180868089.9
20200101,2020,458,MYS,Malaysia,Export,454,MWI,Malawi,5272567.393
20200101,2020,458,MYS,Malaysia,Export,84,BLZ,Belize,1831719.203
20200101,2020,458,MYS,Malaysia,Export,332,HTI,Haiti,17253258.41
20200101,2020,458,MYS,Malaysia,Export,860,UZB,Uzbekistan,50035044.94
20200101,2020,458,MYS,Malaysia,Export,585,PLW,Palau,567089.12
20200101,2020,458,MYS,Malaysia,Export,344,HKG,"China, Hong Kong SAR",16216749059
20200101,2020,458,MYS,Malaysia,Export,368,IRQ,Iraq,119211099.6
20200101,2020,458,MYS,Malaysia,Export,212,DMA,Dominica,412257.013
20200101,2020,458,MYS,Malaysia,Export,659,KNA,Saint Kitts and Nevis,65452.401
20200101,2020,458,MYS,Malaysia,Export,422,LBN,Lebanon,38341609.33
20200101,2020,458,MYS,Malaysia,Export,31,AZE,Azerbaijan,22739378.03
20200101,2020,458,MYS,Malaysia,Export,404,KEN,Kenya,536374136.7
20200101,2020,458,MYS,Malaysia,Export,798,TUV,Tuvalu,349201.434
20200101,2020,458,MYS,Malaysia,Export,716,ZWE,Zimbabwe,72703080.93
20200101,2020,458,MYS,Malaysia,Export,579,NOR,Norway,129931525.5
20200101,2020,458,MYS,Malaysia,Export,498,MDA,Rep. of Moldova,1263963.255
20200101,2020,458,MYS,Malaysia,Export,608,PHL,Philippines,4188601389
20200101,2020,458,MYS,Malaysia,Export,548,VUT,Vanuatu,3067453.244
20200101,2020,458,MYS,Malaysia,Export,554,NZL,New Zealand,908211535
20200101,2020,458,MYS,Malaysia,Export,276,DEU,Germany,5874581791
20200101,2020,458,MYS,Malaysia,Export,246,FIN,Finland,164096898.9
20200101,2020,458,MYS,Malaysia,Export,702,SGP,Singapore,33816086267
20200101,2020,458,MYS,Malaysia,Export,490,S19,"Other Asia, nes",8058445094
20200101,2020,458,MYS,Malaysia,Export,234,FRO,Faeroe Isds,122456.33
20200101,2020,458,MYS,Malaysia,Export,484,MEX,Mexico,1999730783
20200101,2020,458,MYS,Malaysia,Export,788,TUN,Tunisia,114661808.7
20200101,2020,458,MYS,Malaysia,Export,876,WLF,Wallis and Futuna Isds,47128.545
20200101,2020,458,MYS,Malaysia,Export,504,MAR,Morocco,79178055.71
20200101,2020,458,MYS,Malaysia,Export,188,CRI,Costa Rica,306882050.3
20200101,2020,458,MYS,Malaysia,Export,516,NAM,Namibia,5410348.161
20200101,2020,458,MYS,Malaysia,Export,581,UMI,United States Minor Outlying Islands,210657.727
20200101,2020,458,MYS,Malaysia,Export,336,VAT,Holy See (Vatican City State),94917.258
20200101,2020,458,MYS,Malaysia,Export,591,PAN,Panama,87436596.28
20200101,2020,458,MYS,Malaysia,Export,226,GNQ,Equatorial Guinea,11603654.33
20200101,2020,458,MYS,Malaysia,Export,120,CMR,Cameroon,53604557.17
20200101,2020,458,MYS,Malaysia,Export,270,GMB,Gambia,30516655.23
20200101,2020,458,MYS,Malaysia,Export,426,LSO,Lesotho,182865.531
20200101,2020,458,MYS,Malaysia,Export,499,MNE,Montenegro,1475219.058
20200101,2020,458,MYS,Malaysia,Export,446,MAC,"China, Macao SAR",27198731.08
20200101,2020,458,MYS,Malaysia,Export,68,BOL,Bolivia (Plurinational State of),11019548.12
20200101,2020,458,MYS,Malaysia,Export,40,AUT,Austria,122373280.3
20200101,2020,458,MYS,Malaysia,Export,807,MKD,North Macedonia,2631750.669
20200101,2020,458,MYS,Malaysia,Export,604,PER,Peru,154499593.3
20200101,2020,458,MYS,Malaysia,Export,372,IRL,Ireland,289287981.8
20200101,2020,458,MYS,Malaysia,Export,682,SAU,Saudi Arabia,984562502.7
20200101,2020,458,MYS,Malaysia,Export,558,NIC,Nicaragua,4670927.396
20200101,2020,458,MYS,Malaysia,Export,308,GRD,Grenada,898239.567
20200101,2020,458,MYS,Malaysia,Export,442,LUX,Luxembourg,16486774.84
20200101,2020,458,MYS,Malaysia,Export,762,TJK,Tajikistan,1462551.465
20200101,2020,458,MYS,Malaysia,Export,478,MRT,Mauritania,61629167.64
20200101,2020,458,MYS,Malaysia,Export,296,KIR,Kiribati,1789385.492
20200101,2020,458,MYS,Malaysia,Export,440,LTU,Lithuania,36844876.68
20200101,2020,458,MYS,Malaysia,Export,324,GIN,Guinea,22798013.71
20200101,2020,458,MYS,Malaysia,Export,174,COM,Comoros,3502061.725
20200101,2020,458,MYS,Malaysia,Export,72,BWA,Botswana,1394465.534
20200101,2020,458,MYS,Malaysia,Export,462,MDV,Maldives,86883605.23
20200101,2020,458,MYS,Malaysia,Export,70,BIH,Bosnia Herzegovina,1161301.228
20200101,2020,458,MYS,Malaysia,Export,222,SLV,El Salvador,10754226.43
20200101,2020,458,MYS,Malaysia,Export,626,TLS,Timor-Leste,30478982.66
20200101,2020,458,MYS,Malaysia,Export,300,GRC,Greece,124035521.9
20200101,2020,458,MYS,Malaysia,Export,508,MOZ,Mozambique,244310763.7
20200101,2020,458,MYS,Malaysia,Export,410,KOR,Rep. of Korea,8258351929
20200101,2020,458,MYS,Malaysia,Export,112,BLR,Belarus,5909057.307
20200101,2020,458,MYS,Malaysia,Export,16,ASM,American Samoa,3806023.048
20210101,2021,458,MYS,Malaysia,Export,764,THA,Thailand,12646128852
20210101,2021,458,MYS,Malaysia,Export,360,IDN,Indonesia,9465142518
20210101,2021,458,MYS,Malaysia,Export,498,MDA,Rep. of Moldova,3010168.998
20210101,2021,458,MYS,Malaysia,Export,0,W00,World,2.9923E+11
20210101,2021,458,MYS,Malaysia,Export,678,STP,Sao Tome and Principe,953342.332
20210101,2021,458,MYS,Malaysia,Export,624,GNB,Guinea-Bissau,2027135.099
20210101,2021,458,MYS,Malaysia,Export,796,TCA,Turks and Caicos Isds,10800.093
20210101,2021,458,MYS,Malaysia,Export,10,ATA,Antarctica,215994.381
20210101,2021,458,MYS,Malaysia,Export,20,AND,Andorra,258566.51
20210101,2021,458,MYS,Malaysia,Export,612,PCN,Pitcairn,204959.692
20210101,2021,458,MYS,Malaysia,Export,762,TJK,Tajikistan,7648429.348
20210101,2021,458,MYS,Malaysia,Export,232,ERI,Eritrea,2157648.533
20210101,2021,458,MYS,Malaysia,Export,275,PSE,State of Palestine,1112574.437
20210101,2021,458,MYS,Malaysia,Export,654,SHN,Saint Helena,46704.586
20210101,2021,458,MYS,Malaysia,Export,670,VCT,Saint Vincent and the Grenadines,720655.933
20210101,2021,458,MYS,Malaysia,Export,238,FLK,Falkland Isds (Malvinas),50.684
20210101,2021,458,MYS,Malaysia,Export,500,MSR,Montserrat,220748.806
20210101,2021,458,MYS,Malaysia,Export,270,GMB,Gambia,33206813.3
20210101,2021,458,MYS,Malaysia,Export,540,NCL,New Caledonia,62004049.79
20210101,2021,458,MYS,Malaysia,Export,579,NOR,Norway,190507912.6
20210101,2021,458,MYS,Malaysia,Export,642,ROU,Romania,128706914.4
20210101,2021,458,MYS,Malaysia,Export,76,BRA,Brazil,1035691985
20210101,2021,458,MYS,Malaysia,Export,214,DOM,Dominican Rep.,62770282.47
20210101,2021,458,MYS,Malaysia,Export,410,KOR,Rep. of Korea,9087297935
20210101,2021,458,MYS,Malaysia,Export,454,MWI,Malawi,7063930.905
20210101,2021,458,MYS,Malaysia,Export,292,GIB,Gibraltar,1520149.07
20210101,2021,458,MYS,Malaysia,Export,729,SDN,Sudan,29662542.19
20210101,2021,458,MYS,Malaysia,Export,580,MNP,N. Mariana Isds,919272.851
20210101,2021,458,MYS,Malaysia,Export,688,SRB,Serbia,9902001.235
20210101,2021,458,MYS,Malaysia,Export,842,USA,USA,34366250028
20210101,2021,458,MYS,Malaysia,Export,188,CRI,Costa Rica,938907797.8
20210101,2021,458,MYS,Malaysia,Export,344,HKG,"China, Hong Kong SAR",18494037029
20210101,2021,458,MYS,Malaysia,Export,887,YEM,Yemen,195238795.5
20210101,2021,458,MYS,Malaysia,Export,364,IRN,Iran,565660507.8
20210101,2021,458,MYS,Malaysia,Export,626,TLS,Timor-Leste,20741632.2
20210101,2021,458,MYS,Malaysia,Export,608,PHL,Philippines,5459821685
20210101,2021,458,MYS,Malaysia,Export,108,BDI,Burundi,312438.816
20210101,2021,458,MYS,Malaysia,Export,834,TZA,United Rep. of Tanzania,394608491.1
20210101,2021,458,MYS,Malaysia,Export,442,LUX,Luxembourg,58493242.85
20210101,2021,458,MYS,Malaysia,Export,562,NER,Niger,5826629.487
20210101,2021,458,MYS,Malaysia,Export,191,HRV,Croatia,29151773.91
20210101,2021,458,MYS,Malaysia,Export,792,TUR,Türkiye,3409109875
20210101,2021,458,MYS,Malaysia,Export,574,NFK,Norfolk Isds,2244513.884
20210101,2021,458,MYS,Malaysia,Export,807,MKD,North Macedonia,4522003.917
20210101,2021,458,MYS,Malaysia,Export,899,_X ,"Areas, nes",41072658.12
20210101,2021,458,MYS,Malaysia,Export,702,SGP,Singapore,41847308487
20210101,2021,458,MYS,Malaysia,Export,516,NAM,Namibia,4790999.801
20210101,2021,458,MYS,Malaysia,Export,116,KHM,Cambodia,457104598
20210101,2021,458,MYS,Malaysia,Export,60,BMU,Bermuda,217075.886
20210101,2021,458,MYS,Malaysia,Export,860,UZB,Uzbekistan,48795659.95
20210101,2021,458,MYS,Malaysia,Export,566,NGA,Nigeria,909218345.2
20210101,2021,458,MYS,Malaysia,Export,643,RUS,Russian Federation,930367752.1
20210101,2021,458,MYS,Malaysia,Export,512,OMN,Oman,290657882.2
20210101,2021,458,MYS,Malaysia,Export,262,DJI,Djibouti,181570664.4
20210101,2021,458,MYS,Malaysia,Export,156,CHN,China,46351724875
20210101,2021,458,MYS,Malaysia,Export,548,VUT,Vanuatu,18496843.65
20210101,2021,458,MYS,Malaysia,Export,854,BFA,Burkina Faso,7851436.248
20210101,2021,458,MYS,Malaysia,Export,826,GBR,United Kingdom,2360787592
20210101,2021,458,MYS,Malaysia,Export,372,IRL,Ireland,261722964.3
20210101,2021,458,MYS,Malaysia,Export,422,LBN,Lebanon,48151650.21
20210101,2021,458,MYS,Malaysia,Export,104,MMR,Myanmar,654004197
20210101,2021,458,MYS,Malaysia,Export,660,AIA,Anguilla,74078.676
20210101,2021,458,MYS,Malaysia,Export,484,MEX,Mexico,2797179673
20210101,2021,458,MYS,Malaysia,Export,251,FRA,France,1394978506
20210101,2021,458,MYS,Malaysia,Export,470,MLT,Malta,24441604.65
20210101,2021,458,MYS,Malaysia,Export,8,ALB,Albania,3542671.176
20210101,2021,458,MYS,Malaysia,Export,112,BLR,Belarus,3885054.257
20210101,2021,458,MYS,Malaysia,Export,598,PNG,Papua New Guinea,341327816.6
20210101,2021,458,MYS,Malaysia,Export,340,HND,Honduras,25660688.69
20210101,2021,458,MYS,Malaysia,Export,68,BOL,Bolivia (Plurinational State of),20368387.22
20210101,2021,458,MYS,Malaysia,Export,31,AZE,Azerbaijan,30233233.03
20210101,2021,458,MYS,Malaysia,Export,70,BIH,Bosnia Herzegovina,951082.779
20210101,2021,458,MYS,Malaysia,Export,757,CHE,Switzerland,472404859
20210101,2021,458,MYS,Malaysia,Export,296,KIR,Kiribati,2555479.478
20210101,2021,458,MYS,Malaysia,Export,604,PER,Peru,190905741.1
20210101,2021,458,MYS,Malaysia,Export,144,LKA,Sri Lanka,729786604.8
20210101,2021,458,MYS,Malaysia,Export,414,KWT,Kuwait,183552544.7
20210101,2021,458,MYS,Malaysia,Export,780,TTO,Trinidad and Tobago,29899985.43
20210101,2021,458,MYS,Malaysia,Export,798,TUV,Tuvalu,215995.346
20210101,2021,458,MYS,Malaysia,Export,304,GRL,Greenland,93226.95
20210101,2021,458,MYS,Malaysia,Export,36,AUS,Australia,8482353314
20210101,2021,458,MYS,Malaysia,Export,705,SVN,Slovenia,608912285
20210101,2021,458,MYS,Malaysia,Export,466,MLI,Mali,3913095.931
20210101,2021,458,MYS,Malaysia,Export,662,LCA,Saint Lucia,1393892.39
20210101,2021,458,MYS,Malaysia,Export,234,FRO,Faeroe Isds,159659.301
20210101,2021,458,MYS,Malaysia,Export,703,SVK,Slovakia,70825145.33
20210101,2021,458,MYS,Malaysia,Export,162,CXR,Christmas Isds,4398649.273
20210101,2021,458,MYS,Malaysia,Export,100,BGR,Bulgaria,110354878.3
20210101,2021,458,MYS,Malaysia,Export,440,LTU,Lithuania,40772114.17
20210101,2021,458,MYS,Malaysia,Export,398,KAZ,Kazakhstan,88292321.69
20210101,2021,458,MYS,Malaysia,Export,120,CMR,Cameroon,44624869.52
20210101,2021,458,MYS,Malaysia,Export,686,SEN,Senegal,148268917.3
20210101,2021,458,MYS,Malaysia,Export,90,SLB,Solomon Isds,45586934.13
20210101,2021,458,MYS,Malaysia,Export,44,BHS,Bahamas,814283.53
20210101,2021,458,MYS,Malaysia,Export,268,GEO,Georgia,50476044.67
20210101,2021,458,MYS,Malaysia,Export,508,MOZ,Mozambique,482257370.9
20210101,2021,458,MYS,Malaysia,Export,450,MDG,Madagascar,138449272.5
20210101,2021,458,MYS,Malaysia,Export,760,SYR,Syria,42366793.73
20210101,2021,458,MYS,Malaysia,Export,124,CAN,Canada,1534255610
20210101,2021,458,MYS,Malaysia,Export,152,CHL,Chile,226655123.2
20210101,2021,458,MYS,Malaysia,Export,316,GUM,Guam,3234306.651
20210101,2021,458,MYS,Malaysia,Export,308,GRD,Grenada,661680.203
20210101,2021,458,MYS,Malaysia,Export,490,S19,"Other Asia, nes",9784222162
20210101,2021,458,MYS,Malaysia,Export,728,SSD,South Sudan,219295.616
20210101,2021,458,MYS,Malaysia,Export,218,ECU,Ecuador,34632365.25
20210101,2021,458,MYS,Malaysia,Export,478,MRT,Mauritania,48903348.81
20210101,2021,458,MYS,Malaysia,Export,426,LSO,Lesotho,219399.639
20210101,2021,458,MYS,Malaysia,Export,40,AUT,Austria,129504169.9
20210101,2021,458,MYS,Malaysia,Export,462,MDV,Maldives,120687211.2
20210101,2021,458,MYS,Malaysia,Export,368,IRQ,Iraq,449796261.7
20210101,2021,458,MYS,Malaysia,Export,558,NIC,Nicaragua,8223306.711
20210101,2021,458,MYS,Malaysia,Export,148,TCD,Chad,259076.49
20210101,2021,458,MYS,Malaysia,Export,704,VNM,Viet Nam,10982097604
20210101,2021,458,MYS,Malaysia,Export,246,FIN,Finland,257679603.3
20210101,2021,458,MYS,Malaysia,Export,392,JPN,Japan,18166720215
20210101,2021,458,MYS,Malaysia,Export,203,CZE,Czechia,793833133.1
20210101,2021,458,MYS,Malaysia,Export,233,EST,Estonia,65998081.98
20210101,2021,458,MYS,Malaysia,Export,86,IOT,Br. Indian Ocean Terr.,200177.993
20210101,2021,458,MYS,Malaysia,Export,180,COD,Dem. Rep. of the Congo,26082992.66
20210101,2021,458,MYS,Malaysia,Export,72,BWA,Botswana,2713294.354
20210101,2021,458,MYS,Malaysia,Export,178,COG,Congo,42059314.25
20210101,2021,458,MYS,Malaysia,Export,52,BRB,Barbados,5183323.538
20210101,2021,458,MYS,Malaysia,Export,208,DNK,Denmark,293813244.2
20210101,2021,458,MYS,Malaysia,Export,184,COK,Cook Isds,322125.545
20210101,2021,458,MYS,Malaysia,Export,12,DZA,Algeria,116222515.7
20210101,2021,458,MYS,Malaysia,Export,710,ZAF,South Africa,835585043.1
20210101,2021,458,MYS,Malaysia,Export,32,ARG,Argentina,199464234
20210101,2021,458,MYS,Malaysia,Export,404,KEN,Kenya,1126436782
20210101,2021,458,MYS,Malaysia,Export,784,ARE,United Arab Emirates,2555259716
20210101,2021,458,MYS,Malaysia,Export,380,ITA,Italy,1724218119
20210101,2021,458,MYS,Malaysia,Export,222,SLV,El Salvador,17863222.5
20210101,2021,458,MYS,Malaysia,Export,533,ABW,Aruba,58091.41
20210101,2021,458,MYS,Malaysia,Export,724,ESP,Spain,1133982370
20210101,2021,458,MYS,Malaysia,Export,706,SOM,Somalia,87321143.57
20210101,2021,458,MYS,Malaysia,Export,428,LVA,Latvia,36851660.33
20210101,2021,458,MYS,Malaysia,Export,388,JAM,Jamaica,13943939.71
20210101,2021,458,MYS,Malaysia,Export,64,BTN,Bhutan,1678470.789
20210101,2021,458,MYS,Malaysia,Export,24,AGO,Angola,183402962.4
20210101,2021,458,MYS,Malaysia,Export,554,NZL,New Zealand,1066459061
20210101,2021,458,MYS,Malaysia,Export,300,GRC,Greece,193809713.3
20210101,2021,458,MYS,Malaysia,Export,646,RWA,Rwanda,5838130.23
20210101,2021,458,MYS,Malaysia,Export,84,BLZ,Belize,2157561.405
20210101,2021,458,MYS,Malaysia,Export,499,MNE,Montenegro,2259395.75
20210101,2021,458,MYS,Malaysia,Export,16,ASM,American Samoa,18628689.84
20210101,2021,458,MYS,Malaysia,Export,417,KGZ,Kyrgyzstan,2467061.982
20210101,2021,458,MYS,Malaysia,Export,352,ISL,Iceland,55786720.64
20210101,2021,458,MYS,Malaysia,Export,50,BGD,Bangladesh,2258665129
20210101,2021,458,MYS,Malaysia,Export,862,VEN,Venezuela,10345483.26
20210101,2021,458,MYS,Malaysia,Export,583,FSM,FS Micronesia,1276175.285
20210101,2021,458,MYS,Malaysia,Export,600,PRY,Paraguay,7341084.542
20210101,2021,458,MYS,Malaysia,Export,430,LBR,Liberia,15597744.88
20210101,2021,458,MYS,Malaysia,Export,876,WLF,Wallis and Futuna Isds,44174.959
20210101,2021,458,MYS,Malaysia,Export,585,PLW,Palau,337612.726
20210101,2021,458,MYS,Malaysia,Export,231,ETH,Ethiopia,44234151.03
20210101,2021,458,MYS,Malaysia,Export,174,COM,Comoros,4654139.972
20210101,2021,458,MYS,Malaysia,Export,818,EGY,Egypt,688269500.3
20210101,2021,458,MYS,Malaysia,Export,212,DMA,Dominica,800522.269
20210101,2021,458,MYS,Malaysia,Export,266,GAB,Gabon,23570538.57
20210101,2021,458,MYS,Malaysia,Export,620,PRT,Portugal,94127753.59
20210101,2021,458,MYS,Malaysia,Export,699,IND,India,10905264687
20210101,2021,458,MYS,Malaysia,Export,528,NLD,Netherlands,7524331729
20210101,2021,458,MYS,Malaysia,Export,894,ZMB,Zambia,5934368.55
20210101,2021,458,MYS,Malaysia,Export,800,UGA,Uganda,16524379.26
20210101,2021,458,MYS,Malaysia,Export,858,URY,Uruguay,31415613.46
20210101,2021,458,MYS,Malaysia,Export,496,MNG,Mongolia,34407341.83
20210101,2021,458,MYS,Malaysia,Export,524,NPL,Nepal,56040625.16
20210101,2021,458,MYS,Malaysia,Export,504,MAR,Morocco,90582016.74
20210101,2021,458,MYS,Malaysia,Export,226,GNQ,Equatorial Guinea,9999343.506
20210101,2021,458,MYS,Malaysia,Export,96,BRN,Brunei Darussalam,1394108826
20210101,2021,458,MYS,Malaysia,Export,276,DEU,Germany,6868187511
20210101,2021,458,MYS,Malaysia,Export,752,SWE,Sweden,467653182.5
20210101,2021,458,MYS,Malaysia,Export,882,WSM,Samoa,11760515.09
20210101,2021,458,MYS,Malaysia,Export,776,TON,Tonga,2925655.397
20210101,2021,458,MYS,Malaysia,Export,586,PAK,Pakistan,1446694021
20210101,2021,458,MYS,Malaysia,Export,591,PAN,Panama,144343633.7
20210101,2021,458,MYS,Malaysia,Export,788,TUN,Tunisia,123115154.8
20210101,2021,458,MYS,Malaysia,Export,140,CAF,Central African Rep.,1028268.642
20210101,2021,458,MYS,Malaysia,Export,659,KNA,Saint Kitts and Nevis,228051.202
20210101,2021,458,MYS,Malaysia,Export,204,BEN,Benin,94161568.44
20210101,2021,458,MYS,Malaysia,Export,418,LAO,Lao People's Dem. Rep.,27337540.72
20210101,2021,458,MYS,Malaysia,Export,92,VGB,Br. Virgin Isds,45368.452
20210101,2021,458,MYS,Malaysia,Export,400,JOR,Jordan,193106657.4
20210101,2021,458,MYS,Malaysia,Export,804,UKR,Ukraine,177126164.9
20210101,2021,458,MYS,Malaysia,Export,384,CIV,Côte d'Ivoire,120968165.6
20210101,2021,458,MYS,Malaysia,Export,332,HTI,Haiti,8462017.78
20210101,2021,458,MYS,Malaysia,Export,616,POL,Poland,742580607.8
20210101,2021,458,MYS,Malaysia,Export,570,NIU,Niue,4769.148
20210101,2021,458,MYS,Malaysia,Export,192,CUB,Cuba,5245154.964
20210101,2021,458,MYS,Malaysia,Export,584,MHL,Marshall Isds,857502.245
20210101,2021,458,MYS,Malaysia,Export,434,LBY,Libya,19176851.04
20210101,2021,458,MYS,Malaysia,Export,320,GTM,Guatemala,51973923.32
20210101,2021,458,MYS,Malaysia,Export,581,UMI,United States Minor Outlying Islands,1484731.628
20210101,2021,458,MYS,Malaysia,Export,288,GHA,Ghana,570197986.1
20210101,2021,458,MYS,Malaysia,Export,170,COL,Colombia,157619204.9
20210101,2021,458,MYS,Malaysia,Export,328,GUY,Guyana,11883663.38
20210101,2021,458,MYS,Malaysia,Export,690,SYC,Seychelles,13648035.31
20210101,2021,458,MYS,Malaysia,Export,258,PYF,French Polynesia,39199460.79
20210101,2021,458,MYS,Malaysia,Export,324,GIN,Guinea,35410990.71
20210101,2021,458,MYS,Malaysia,Export,480,MUS,Mauritius,82395118.22
20210101,2021,458,MYS,Malaysia,Export,740,SUR,Suriname,5120426.777
20210101,2021,458,MYS,Malaysia,Export,348,HUN,Hungary,543910890
20210101,2021,458,MYS,Malaysia,Export,196,CYP,Cyprus,14313532.76
20210101,2021,458,MYS,Malaysia,Export,48,BHR,Bahrain,85470115.78
20210101,2021,458,MYS,Malaysia,Export,446,MAC,"China, Macao SAR",28767724.98
20210101,2021,458,MYS,Malaysia,Export,136,CYM,Cayman Isds,153870.434
20210101,2021,458,MYS,Malaysia,Export,132,CPV,Cabo Verde,855451.705
20210101,2021,458,MYS,Malaysia,Export,682,SAU,Saudi Arabia,1220386159
20210101,2021,458,MYS,Malaysia,Export,28,ATG,Antigua and Barbuda,1443974.962
20210101,2021,458,MYS,Malaysia,Export,4,AFG,Afghanistan,215664778.7
20210101,2021,458,MYS,Malaysia,Export,242,FJI,Fiji,105812919.5
20210101,2021,458,MYS,Malaysia,Export,772,TKL,Tokelau,57849.574
20210101,2021,458,MYS,Malaysia,Export,51,ARM,Armenia,1783506.208
20210101,2021,458,MYS,Malaysia,Export,768,TGO,Togo,329581625.4
20210101,2021,458,MYS,Malaysia,Export,716,ZWE,Zimbabwe,2300365.774
20210101,2021,458,MYS,Malaysia,Export,634,QAT,Qatar,359213841.5
20210101,2021,458,MYS,Malaysia,Export,795,TKM,Turkmenistan,4007822.17
20210101,2021,458,MYS,Malaysia,Export,694,SLE,Sierra Leone,15885995.72
20210101,2021,458,MYS,Malaysia,Export,520,NRU,Nauru,606511.586
20210101,2021,458,MYS,Malaysia,Export,531,CUW,Curaçao,408327.656
20210101,2021,458,MYS,Malaysia,Export,56,BEL,Belgium,1545963120
20220101,2022,458,MYS,Malaysia,Export,570,NIU,Niue,6766.299
20220101,2022,458,MYS,Malaysia,Export,581,UMI,United States Minor Outlying Islands,1584.385
20220101,2022,458,MYS,Malaysia,Export,732,ESH,Western Sahara,194720.317
20220101,2022,458,MYS,Malaysia,Export,772,TKL,Tokelau,44933.098
20220101,2022,458,MYS,Malaysia,Export,796,TCA,Turks and Caicos Isds,406.719
20220101,2022,458,MYS,Malaysia,Export,798,TUV,Tuvalu,151882.843
20220101,2022,458,MYS,Malaysia,Export,86,IOT,Br. Indian Ocean Terr.,107999.942
20220101,2022,458,MYS,Malaysia,Export,108,BDI,Burundi,100306.37
20220101,2022,458,MYS,Malaysia,Export,426,LSO,Lesotho,122204.876
20220101,2022,458,MYS,Malaysia,Export,612,PCN,Pitcairn,5238.037
20220101,2022,458,MYS,Malaysia,Export,624,GNB,Guinea-Bissau,3144833.818
20220101,2022,458,MYS,Malaysia,Export,678,STP,Sao Tome and Principe,1128024.718
20220101,2022,458,MYS,Malaysia,Export,10,ATA,Antarctica,94964.268
20220101,2022,458,MYS,Malaysia,Export,166,CCK,Cocos Isds,335.145
20220101,2022,458,MYS,Malaysia,Export,174,COM,Comoros,8685119.103
20220101,2022,458,MYS,Malaysia,Export,238,FLK,Falkland Isds (Malvinas),46.807
20220101,2022,458,MYS,Malaysia,Export,239,SGS,South Georgia and the South Sandwich Islands,47.943
20220101,2022,458,MYS,Malaysia,Export,304,GRL,Greenland,1048.834
20220101,2022,458,MYS,Malaysia,Export,336,VAT,Holy See (Vatican City State),139210.261
20220101,2022,458,MYS,Malaysia,Export,496,MNG,Mongolia,43766167.65
20220101,2022,458,MYS,Malaysia,Export,434,LBY,Libya,12384491.12
20220101,2022,458,MYS,Malaysia,Export,440,LTU,Lithuania,36094757.82
20220101,2022,458,MYS,Malaysia,Export,446,MAC,"China, Macao SAR",36999929.79
20220101,2022,458,MYS,Malaysia,Export,454,MWI,Malawi,2406535.12
20220101,2022,458,MYS,Malaysia,Export,462,MDV,Maldives,228898825.6
20220101,2022,458,MYS,Malaysia,Export,466,MLI,Mali,2035998.951
20220101,2022,458,MYS,Malaysia,Export,470,MLT,Malta,48386593.2
20220101,2022,458,MYS,Malaysia,Export,484,MEX,Mexico,3796097784
20220101,2022,458,MYS,Malaysia,Export,442,LUX,Luxembourg,64952912.4
20220101,2022,458,MYS,Malaysia,Export,450,MDG,Madagascar,125206908.9
20220101,2022,458,MYS,Malaysia,Export,478,MRT,Mauritania,77599377.84
20220101,2022,458,MYS,Malaysia,Export,480,MUS,Mauritius,111007379.5
20220101,2022,458,MYS,Malaysia,Export,490,S19,"Other Asia, nes",11757353044
20220101,2022,458,MYS,Malaysia,Export,498,MDA,Rep. of Moldova,862302.907
20220101,2022,458,MYS,Malaysia,Export,499,MNE,Montenegro,902173.607
20220101,2022,458,MYS,Malaysia,Export,504,MAR,Morocco,113640300.6
20220101,2022,458,MYS,Malaysia,Export,508,MOZ,Mozambique,601955048.8
20220101,2022,458,MYS,Malaysia,Export,512,OMN,Oman,341983407.7
20220101,2022,458,MYS,Malaysia,Export,520,NRU,Nauru,575194.282
20220101,2022,458,MYS,Malaysia,Export,524,NPL,Nepal,57533515.92
20220101,2022,458,MYS,Malaysia,Export,540,NCL,New Caledonia,156911495.8
20220101,2022,458,MYS,Malaysia,Export,558,NIC,Nicaragua,7559550.375
20220101,2022,458,MYS,Malaysia,Export,562,NER,Niger,6628095.068
20220101,2022,458,MYS,Malaysia,Export,566,NGA,Nigeria,531000236.6
20220101,2022,458,MYS,Malaysia,Export,586,PAK,Pakistan,1366961301
20220101,2022,458,MYS,Malaysia,Export,591,PAN,Panama,87348911.54
20220101,2022,458,MYS,Malaysia,Export,516,NAM,Namibia,11577941.16
20220101,2022,458,MYS,Malaysia,Export,528,NLD,Netherlands,9531745337
20220101,2022,458,MYS,Malaysia,Export,531,CUW,Curaçao,836194.294
20220101,2022,458,MYS,Malaysia,Export,548,VUT,Vanuatu,49145576.16
20220101,2022,458,MYS,Malaysia,Export,554,NZL,New Zealand,1560944221
20220101,2022,458,MYS,Malaysia,Export,574,NFK,Norfolk Isds,1224335.019
20220101,2022,458,MYS,Malaysia,Export,579,NOR,Norway,183408666.6
20220101,2022,458,MYS,Malaysia,Export,580,MNP,N. Mariana Isds,460334.427
20220101,2022,458,MYS,Malaysia,Export,583,FSM,FS Micronesia,1070040.039
20220101,2022,458,MYS,Malaysia,Export,584,MHL,Marshall Isds,62921366.68
20220101,2022,458,MYS,Malaysia,Export,585,PLW,Palau,3886983.619
20220101,2022,458,MYS,Malaysia,Export,598,PNG,Papua New Guinea,510627763.5
20220101,2022,458,MYS,Malaysia,Export,600,PRY,Paraguay,10540436.35
20220101,2022,458,MYS,Malaysia,Export,604,PER,Peru,176085069.6
20220101,2022,458,MYS,Malaysia,Export,608,PHL,Philippines,6415430808
20220101,2022,458,MYS,Malaysia,Export,705,SVN,Slovenia,391386872.1
20220101,2022,458,MYS,Malaysia,Export,724,ESP,Spain,1295626425
20220101,2022,458,MYS,Malaysia,Export,728,SSD,South Sudan,129091.6
20220101,2022,458,MYS,Malaysia,Export,729,SDN,Sudan,62701086.7
20220101,2022,458,MYS,Malaysia,Export,757,CHE,Switzerland,613773603.6
20220101,2022,458,MYS,Malaysia,Export,760,SYR,Syria,63411300.91
20220101,2022,458,MYS,Malaysia,Export,762,TJK,Tajikistan,2396929.061
20220101,2022,458,MYS,Malaysia,Export,706,SOM,Somalia,125657790.4
20220101,2022,458,MYS,Malaysia,Export,710,ZAF,South Africa,1634988671
20220101,2022,458,MYS,Malaysia,Export,740,SUR,Suriname,7757354.029
20220101,2022,458,MYS,Malaysia,Export,752,SWE,Sweden,469053593.7
20220101,2022,458,MYS,Malaysia,Export,768,TGO,Togo,526135774.6
20220101,2022,458,MYS,Malaysia,Export,784,ARE,United Arab Emirates,3508784922
20220101,2022,458,MYS,Malaysia,Export,788,TUN,Tunisia,149740662.8
20220101,2022,458,MYS,Malaysia,Export,804,UKR,Ukraine,42651316.98
20220101,2022,458,MYS,Malaysia,Export,826,GBR,United Kingdom,2109616553
20220101,2022,458,MYS,Malaysia,Export,842,USA,USA,38025492595
20220101,2022,458,MYS,Malaysia,Export,776,TON,Tonga,4215445.081
20220101,2022,458,MYS,Malaysia,Export,780,TTO,Trinidad and Tobago,35237461.19
20220101,2022,458,MYS,Malaysia,Export,792,TUR,Türkiye,3951187491
20220101,2022,458,MYS,Malaysia,Export,795,TKM,Turkmenistan,8255218.139
20220101,2022,458,MYS,Malaysia,Export,800,UGA,Uganda,7389528.107
20220101,2022,458,MYS,Malaysia,Export,807,MKD,North Macedonia,5314062.447
20220101,2022,458,MYS,Malaysia,Export,818,EGY,Egypt,811381804.8
20220101,2022,458,MYS,Malaysia,Export,834,TZA,United Rep. of Tanzania,405665355.3
20220101,2022,458,MYS,Malaysia,Export,854,BFA,Burkina Faso,3353762.023
20220101,2022,458,MYS,Malaysia,Export,858,URY,Uruguay,45738855.95
20220101,2022,458,MYS,Malaysia,Export,860,UZB,Uzbekistan,71364918.29
20220101,2022,458,MYS,Malaysia,Export,862,VEN,Venezuela,10913284.91
20220101,2022,458,MYS,Malaysia,Export,876,WLF,Wallis and Futuna Isds,54699.345
20220101,2022,458,MYS,Malaysia,Export,882,WSM,Samoa,12104560.74
20220101,2022,458,MYS,Malaysia,Export,887,YEM,Yemen,151377892.2
20220101,2022,458,MYS,Malaysia,Export,894,ZMB,Zambia,5935808.296
20220101,2022,458,MYS,Malaysia,Export,899,_X ,"Areas, nes",39293385.98
20220101,2022,458,MYS,Malaysia,Export,51,ARM,Armenia,1899583.006
20220101,2022,458,MYS,Malaysia,Export,52,BRB,Barbados,3328702.472
20220101,2022,458,MYS,Malaysia,Export,56,BEL,Belgium,2044445507
20220101,2022,458,MYS,Malaysia,Export,60,BMU,Bermuda,754249.796
20220101,2022,458,MYS,Malaysia,Export,68,BOL,Bolivia (Plurinational State of),21681891.57
20220101,2022,458,MYS,Malaysia,Export,70,BIH,Bosnia Herzegovina,704280.884
20220101,2022,458,MYS,Malaysia,Export,72,BWA,Botswana,4127069.656
20220101,2022,458,MYS,Malaysia,Export,76,BRA,Brazil,1059420704
20220101,2022,458,MYS,Malaysia,Export,84,BLZ,Belize,2261698.28
20220101,2022,458,MYS,Malaysia,Export,90,SLB,Solomon Isds,61776034.37
20220101,2022,458,MYS,Malaysia,Export,92,VGB,Br. Virgin Isds,332762.91
20220101,2022,458,MYS,Malaysia,Export,96,BRN,Brunei Darussalam,1737936489
20220101,2022,458,MYS,Malaysia,Export,100,BGR,Bulgaria,104414431.3
20220101,2022,458,MYS,Malaysia,Export,104,MMR,Myanmar,1355740377
20220101,2022,458,MYS,Malaysia,Export,112,BLR,Belarus,5012909.304
20220101,2022,458,MYS,Malaysia,Export,116,KHM,Cambodia,525151067.3
20220101,2022,458,MYS,Malaysia,Export,364,IRN,Iran,783133589.1
20220101,2022,458,MYS,Malaysia,Export,368,IRQ,Iraq,783306847
20220101,2022,458,MYS,Malaysia,Export,372,IRL,Ireland,216289001.7
20220101,2022,458,MYS,Malaysia,Export,380,ITA,Italy,1914143714
20220101,2022,458,MYS,Malaysia,Export,384,CIV,Côte d'Ivoire,139058244.6
20220101,2022,458,MYS,Malaysia,Export,388,JAM,Jamaica,21138106.42
20220101,2022,458,MYS,Malaysia,Export,392,JPN,Japan,22416749635
20220101,2022,458,MYS,Malaysia,Export,398,KAZ,Kazakhstan,128936368.8
20220101,2022,458,MYS,Malaysia,Export,400,JOR,Jordan,178209375.6
20220101,2022,458,MYS,Malaysia,Export,404,KEN,Kenya,1153365275
20220101,2022,458,MYS,Malaysia,Export,410,KOR,Rep. of Korea,12475676294
20220101,2022,458,MYS,Malaysia,Export,414,KWT,Kuwait,199468108.2
20220101,2022,458,MYS,Malaysia,Export,417,KGZ,Kyrgyzstan,8773769.915
20220101,2022,458,MYS,Malaysia,Export,418,LAO,Lao People's Dem. Rep.,215055707.9
20220101,2022,458,MYS,Malaysia,Export,422,LBN,Lebanon,56054680.66
20220101,2022,458,MYS,Malaysia,Export,428,LVA,Latvia,47182201.94
20220101,2022,458,MYS,Malaysia,Export,430,LBR,Liberia,22680522.94
20220101,2022,458,MYS,Malaysia,Export,616,POL,Poland,857780567
20220101,2022,458,MYS,Malaysia,Export,620,PRT,Portugal,112980413.7
20220101,2022,458,MYS,Malaysia,Export,626,TLS,Timor-Leste,68699654.64
20220101,2022,458,MYS,Malaysia,Export,634,QAT,Qatar,334208819.5
20220101,2022,458,MYS,Malaysia,Export,642,ROU,Romania,229511613.9
20220101,2022,458,MYS,Malaysia,Export,643,RUS,Russian Federation,547284799.7
20220101,2022,458,MYS,Malaysia,Export,646,RWA,Rwanda,1104155.557
20220101,2022,458,MYS,Malaysia,Export,654,SHN,Saint Helena,398926.95
20220101,2022,458,MYS,Malaysia,Export,659,KNA,Saint Kitts and Nevis,308810.588
20220101,2022,458,MYS,Malaysia,Export,660,AIA,Anguilla,50824.612
20220101,2022,458,MYS,Malaysia,Export,662,LCA,Saint Lucia,497996.805
20220101,2022,458,MYS,Malaysia,Export,670,VCT,Saint Vincent and the Grenadines,434589.135
20220101,2022,458,MYS,Malaysia,Export,682,SAU,Saudi Arabia,1626974319
20220101,2022,458,MYS,Malaysia,Export,686,SEN,Senegal,203958049.7
20220101,2022,458,MYS,Malaysia,Export,688,SRB,Serbia,8336625.042
20220101,2022,458,MYS,Malaysia,Export,690,SYC,Seychelles,8883475.803
20220101,2022,458,MYS,Malaysia,Export,694,SLE,Sierra Leone,12071708.55
20220101,2022,458,MYS,Malaysia,Export,699,IND,India,12442889567
20220101,2022,458,MYS,Malaysia,Export,702,SGP,Singapore,52824251487
20220101,2022,458,MYS,Malaysia,Export,703,SVK,Slovakia,168714285.5
20220101,2022,458,MYS,Malaysia,Export,704,VNM,Viet Nam,12184086591
20220101,2022,458,MYS,Malaysia,Export,4,AFG,Afghanistan,357619011.2
20220101,2022,458,MYS,Malaysia,Export,8,ALB,Albania,3104790.205
20220101,2022,458,MYS,Malaysia,Export,12,DZA,Algeria,121771161.5
20220101,2022,458,MYS,Malaysia,Export,16,ASM,American Samoa,62485047.28
20220101,2022,458,MYS,Malaysia,Export,20,AND,Andorra,375021.435
20220101,2022,458,MYS,Malaysia,Export,24,AGO,Angola,260439237.4
20220101,2022,458,MYS,Malaysia,Export,28,ATG,Antigua and Barbuda,1091430.943
20220101,2022,458,MYS,Malaysia,Export,31,AZE,Azerbaijan,9387235.062
20220101,2022,458,MYS,Malaysia,Export,32,ARG,Argentina,156126226
20220101,2022,458,MYS,Malaysia,Export,36,AUS,Australia,10927047844
20220101,2022,458,MYS,Malaysia,Export,40,AUT,Austria,195493098.4
20220101,2022,458,MYS,Malaysia,Export,44,BHS,Bahamas,781882.808
20220101,2022,458,MYS,Malaysia,Export,48,BHR,Bahrain,56397360.92
20220101,2022,458,MYS,Malaysia,Export,50,BGD,Bangladesh,4149670885
20220101,2022,458,MYS,Malaysia,Export,120,CMR,Cameroon,164828935.8
20220101,2022,458,MYS,Malaysia,Export,124,CAN,Canada,1109313793
20220101,2022,458,MYS,Malaysia,Export,132,CPV,Cabo Verde,2068889.314
20220101,2022,458,MYS,Malaysia,Export,136,CYM,Cayman Isds,495393.351
20220101,2022,458,MYS,Malaysia,Export,140,CAF,Central African Rep.,746681.874
20220101,2022,458,MYS,Malaysia,Export,144,LKA,Sri Lanka,783801039.3
20220101,2022,458,MYS,Malaysia,Export,148,TCD,Chad,297556.068
20220101,2022,458,MYS,Malaysia,Export,152,CHL,Chile,205873138.3
20220101,2022,458,MYS,Malaysia,Export,156,CHN,China,47843004759
20220101,2022,458,MYS,Malaysia,Export,162,CXR,Christmas Isds,1026575.9
20220101,2022,458,MYS,Malaysia,Export,170,COL,Colombia,146042630.9
20220101,2022,458,MYS,Malaysia,Export,178,COG,Congo,64949993.57
20220101,2022,458,MYS,Malaysia,Export,180,COD,Dem. Rep. of the Congo,34235430.2
20220101,2022,458,MYS,Malaysia,Export,184,COK,Cook Isds,255136.901
20220101,2022,458,MYS,Malaysia,Export,188,CRI,Costa Rica,836873725.6
20220101,2022,458,MYS,Malaysia,Export,191,HRV,Croatia,43153352.34
20220101,2022,458,MYS,Malaysia,Export,192,CUB,Cuba,6311385.049
20220101,2022,458,MYS,Malaysia,Export,196,CYP,Cyprus,9370432.581
20220101,2022,458,MYS,Malaysia,Export,203,CZE,Czechia,818174406.4
20220101,2022,458,MYS,Malaysia,Export,204,BEN,Benin,155728355.2
20220101,2022,458,MYS,Malaysia,Export,208,DNK,Denmark,253593010.7
20220101,2022,458,MYS,Malaysia,Export,212,DMA,Dominica,764748.818
20220101,2022,458,MYS,Malaysia,Export,214,DOM,Dominican Rep.,47637279.02
20220101,2022,458,MYS,Malaysia,Export,218,ECU,Ecuador,40671665.38
20220101,2022,458,MYS,Malaysia,Export,222,SLV,El Salvador,19230799.62
20220101,2022,458,MYS,Malaysia,Export,226,GNQ,Equatorial Guinea,13618666.69
20220101,2022,458,MYS,Malaysia,Export,231,ETH,Ethiopia,66210634.25
20220101,2022,458,MYS,Malaysia,Export,232,ERI,Eritrea,5811162.653
20220101,2022,458,MYS,Malaysia,Export,233,EST,Estonia,67949439.09
20220101,2022,458,MYS,Malaysia,Export,234,FRO,Faeroe Isds,78113.163
20220101,2022,458,MYS,Malaysia,Export,242,FJI,Fiji,218532274.2
20220101,2022,458,MYS,Malaysia,Export,246,FIN,Finland,230556173.4
20220101,2022,458,MYS,Malaysia,Export,251,FRA,France,2570567901
20220101,2022,458,MYS,Malaysia,Export,258,PYF,French Polynesia,56221938.83
20220101,2022,458,MYS,Malaysia,Export,262,DJI,Djibouti,374190857.7
20220101,2022,458,MYS,Malaysia,Export,266,GAB,Gabon,23687355.49
20220101,2022,458,MYS,Malaysia,Export,268,GEO,Georgia,30954957.97
20220101,2022,458,MYS,Malaysia,Export,270,GMB,Gambia,25951378.43
20220101,2022,458,MYS,Malaysia,Export,275,PSE,State of Palestine,1560265.791
20220101,2022,458,MYS,Malaysia,Export,276,DEU,Germany,6823370559
20220101,2022,458,MYS,Malaysia,Export,288,GHA,Ghana,350758974.7
20220101,2022,458,MYS,Malaysia,Export,292,GIB,Gibraltar,308475.897
20220101,2022,458,MYS,Malaysia,Export,296,KIR,Kiribati,2580839.75
20220101,2022,458,MYS,Malaysia,Export,300,GRC,Greece,129793239.4
20220101,2022,458,MYS,Malaysia,Export,308,GRD,Grenada,859964.842
20220101,2022,458,MYS,Malaysia,Export,316,GUM,Guam,23891590.52
20220101,2022,458,MYS,Malaysia,Export,320,GTM,Guatemala,62232969.63
20220101,2022,458,MYS,Malaysia,Export,324,GIN,Guinea,48745031.65
20220101,2022,458,MYS,Malaysia,Export,328,GUY,Guyana,9486649.604
20220101,2022,458,MYS,Malaysia,Export,332,HTI,Haiti,6424559.635
20220101,2022,458,MYS,Malaysia,Export,340,HND,Honduras,24239362.94
20220101,2022,458,MYS,Malaysia,Export,344,HKG,"China, Hong Kong SAR",21737858534
20220101,2022,458,MYS,Malaysia,Export,348,HUN,Hungary,566753857.8
20220101,2022,458,MYS,Malaysia,Export,352,ISL,Iceland,142604061.4
20220101,2022,458,MYS,Malaysia,Export,533,ABW,Aruba,149422.99
20220101,2022,458,MYS,Malaysia,Export,716,ZWE,Zimbabwe,1801437.926
20220101,2022,458,MYS,Malaysia,Export,764,THA,Thailand,14943379970
20220101,2022,458,MYS,Malaysia,Export,64,BTN,Bhutan,1958665.597
20220101,2022,458,MYS,Malaysia,Export,360,IDN,Indonesia,12664226165
20220101,2022,458,MYS,Malaysia,Export,0,W00,World,3.52188E+11
20230101,2023,458,MYS,Malaysia,Export,535,BES,Bonaire,69.727
20230101,2023,458,MYS,Malaysia,Export,260,ATF,Fr. South Antarctic Terr.,1548.692
20230101,2023,458,MYS,Malaysia,Export,581,UMI,United States Minor Outlying Islands,12987.04
20230101,2023,458,MYS,Malaysia,Export,674,SMR,San Marino,29436.325
20230101,2023,458,MYS,Malaysia,Export,86,IOT,Br. Indian Ocean Terr.,117406.971
20230101,2023,458,MYS,Malaysia,Export,166,CCK,Cocos Isds,29.163
20230101,2023,458,MYS,Malaysia,Export,232,ERI,Eritrea,3767246.879
20230101,2023,458,MYS,Malaysia,Export,238,FLK,Falkland Isds (Malvinas),170.81
20230101,2023,458,MYS,Malaysia,Export,304,GRL,Greenland,576183.924
20230101,2023,458,MYS,Malaysia,Export,308,GRD,Grenada,816565.306
20230101,2023,458,MYS,Malaysia,Export,316,GUM,Guam,52119107.64
20230101,2023,458,MYS,Malaysia,Export,612,PCN,Pitcairn,6429.603
20230101,2023,458,MYS,Malaysia,Export,616,POL,Poland,703292564
20230101,2023,458,MYS,Malaysia,Export,894,ZMB,Zambia,6582892.532
20230101,2023,458,MYS,Malaysia,Export,862,VEN,Venezuela,8802728.436
20230101,2023,458,MYS,Malaysia,Export,533,ABW,Aruba,178334.165
20230101,2023,458,MYS,Malaysia,Export,534,SXM,Sint Maarten,48556.518
20230101,2023,458,MYS,Malaysia,Export,540,NCL,New Caledonia,87477260.46
20230101,2023,458,MYS,Malaysia,Export,50,BGD,Bangladesh,2456836827
20230101,2023,458,MYS,Malaysia,Export,4,AFG,Afghanistan,336699781.4
20230101,2023,458,MYS,Malaysia,Export,8,ALB,Albania,17355652.44
20230101,2023,458,MYS,Malaysia,Export,12,DZA,Algeria,94677353.24
20230101,2023,458,MYS,Malaysia,Export,246,FIN,Finland,251415813.9
20230101,2023,458,MYS,Malaysia,Export,251,FRA,France,1472016624
20230101,2023,458,MYS,Malaysia,Export,258,PYF,French Polynesia,55119881.7
20230101,2023,458,MYS,Malaysia,Export,262,DJI,Djibouti,349012236
20230101,2023,458,MYS,Malaysia,Export,266,GAB,Gabon,27044238.68
20230101,2023,458,MYS,Malaysia,Export,268,GEO,Georgia,38285281.04
20230101,2023,458,MYS,Malaysia,Export,270,GMB,Gambia,37722753.36
20230101,2023,458,MYS,Malaysia,Export,275,PSE,State of Palestine,2953523.728
20230101,2023,458,MYS,Malaysia,Export,276,DEU,Germany,6701374981
20230101,2023,458,MYS,Malaysia,Export,288,GHA,Ghana,229754039.4
20230101,2023,458,MYS,Malaysia,Export,292,GIB,Gibraltar,373649.779
20230101,2023,458,MYS,Malaysia,Export,296,KIR,Kiribati,3127351.93
20230101,2023,458,MYS,Malaysia,Export,300,GRC,Greece,140388821.4
20230101,2023,458,MYS,Malaysia,Export,320,GTM,Guatemala,52491890.21
20230101,2023,458,MYS,Malaysia,Export,324,GIN,Guinea,26019214.16
20230101,2023,458,MYS,Malaysia,Export,328,GUY,Guyana,11085322.86
20230101,2023,458,MYS,Malaysia,Export,332,HTI,Haiti,6552688.329
20230101,2023,458,MYS,Malaysia,Export,340,HND,Honduras,29957984.95
20230101,2023,458,MYS,Malaysia,Export,344,HKG,"China, Hong Kong SAR",19698224011
20230101,2023,458,MYS,Malaysia,Export,348,HUN,Hungary,522032707.8
20230101,2023,458,MYS,Malaysia,Export,352,ISL,Iceland,22545406.1
20230101,2023,458,MYS,Malaysia,Export,570,NIU,Niue,4773.909
20230101,2023,458,MYS,Malaysia,Export,574,NFK,Norfolk Isds,1701744.255
20230101,2023,458,MYS,Malaysia,Export,579,NOR,Norway,155905314.3
20230101,2023,458,MYS,Malaysia,Export,580,MNP,N. Mariana Isds,431055.745
20230101,2023,458,MYS,Malaysia,Export,583,FSM,FS Micronesia,984968.811
20230101,2023,458,MYS,Malaysia,Export,584,MHL,Marshall Isds,14230943.57
20230101,2023,458,MYS,Malaysia,Export,585,PLW,Palau,334644.368
20230101,2023,458,MYS,Malaysia,Export,586,PAK,Pakistan,961437752.9
20230101,2023,458,MYS,Malaysia,Export,591,PAN,Panama,64717794.82
20230101,2023,458,MYS,Malaysia,Export,598,PNG,Papua New Guinea,492909171.9
20230101,2023,458,MYS,Malaysia,Export,600,PRY,Paraguay,24287650.96
20230101,2023,458,MYS,Malaysia,Export,604,PER,Peru,142698100.5
20230101,2023,458,MYS,Malaysia,Export,608,PHL,Philippines,5798651241
20230101,2023,458,MYS,Malaysia,Export,620,PRT,Portugal,115571069.4
20230101,2023,458,MYS,Malaysia,Export,624,GNB,Guinea-Bissau,2223443.306
20230101,2023,458,MYS,Malaysia,Export,626,TLS,Timor-Leste,42778132.63
20230101,2023,458,MYS,Malaysia,Export,634,QAT,Qatar,318275891
20230101,2023,458,MYS,Malaysia,Export,642,ROU,Romania,175799037.7
20230101,2023,458,MYS,Malaysia,Export,643,RUS,Russian Federation,619686071.6
20230101,2023,458,MYS,Malaysia,Export,646,RWA,Rwanda,1557711.759
20230101,2023,458,MYS,Malaysia,Export,654,SHN,Saint Helena,382104.983
20230101,2023,458,MYS,Malaysia,Export,659,KNA,Saint Kitts and Nevis,188339.376
20230101,2023,458,MYS,Malaysia,Export,660,AIA,Anguilla,1402.878
20230101,2023,458,MYS,Malaysia,Export,662,LCA,Saint Lucia,627628.863
20230101,2023,458,MYS,Malaysia,Export,670,VCT,Saint Vincent and the Grenadines,6363518.366
20230101,2023,458,MYS,Malaysia,Export,678,STP,Sao Tome and Principe,1137037.489
20230101,2023,458,MYS,Malaysia,Export,682,SAU,Saudi Arabia,1503690660
20230101,2023,458,MYS,Malaysia,Export,686,SEN,Senegal,226514154.4
20230101,2023,458,MYS,Malaysia,Export,688,SRB,Serbia,10164233.47
20230101,2023,458,MYS,Malaysia,Export,757,CHE,Switzerland,796352927.8
20230101,2023,458,MYS,Malaysia,Export,760,SYR,Syria,37864713.77
20230101,2023,458,MYS,Malaysia,Export,762,TJK,Tajikistan,1790390.246
20230101,2023,458,MYS,Malaysia,Export,768,TGO,Togo,294294138.4
20230101,2023,458,MYS,Malaysia,Export,772,TKL,Tokelau,56263.139
20230101,2023,458,MYS,Malaysia,Export,776,TON,Tonga,4058203.8
20230101,2023,458,MYS,Malaysia,Export,780,TTO,Trinidad and Tobago,57442703.52
20230101,2023,458,MYS,Malaysia,Export,784,ARE,United Arab Emirates,3120539497
20230101,2023,458,MYS,Malaysia,Export,788,TUN,Tunisia,122053608.1
20230101,2023,458,MYS,Malaysia,Export,792,TUR,Türkiye,3844132644
20230101,2023,458,MYS,Malaysia,Export,795,TKM,Turkmenistan,9946650.73
20230101,2023,458,MYS,Malaysia,Export,796,TCA,Turks and Caicos Isds,309862.45
20230101,2023,458,MYS,Malaysia,Export,798,TUV,Tuvalu,174971.686
20230101,2023,458,MYS,Malaysia,Export,800,UGA,Uganda,8115420.454
20230101,2023,458,MYS,Malaysia,Export,804,UKR,Ukraine,19235879.3
20230101,2023,458,MYS,Malaysia,Export,807,MKD,North Macedonia,6666351.514
20230101,2023,458,MYS,Malaysia,Export,818,EGY,Egypt,506671052
20230101,2023,458,MYS,Malaysia,Export,826,GBR,United Kingdom,1925328176
20230101,2023,458,MYS,Malaysia,Export,834,TZA,United Rep. of Tanzania,445747485.4
20230101,2023,458,MYS,Malaysia,Export,842,USA,USA,35455220163
20230101,2023,458,MYS,Malaysia,Export,854,BFA,Burkina Faso,1787552.257
20230101,2023,458,MYS,Malaysia,Export,858,URY,Uruguay,33464170.82
20230101,2023,458,MYS,Malaysia,Export,860,UZB,Uzbekistan,93034677.22
20230101,2023,458,MYS,Malaysia,Export,876,WLF,Wallis and Futuna Isds,228633.865
20230101,2023,458,MYS,Malaysia,Export,882,WSM,Samoa,4979762.423
20230101,2023,458,MYS,Malaysia,Export,887,YEM,Yemen,243607048.5
20230101,2023,458,MYS,Malaysia,Export,899,_X ,"Areas, nes",21893541.96
20230101,2023,458,MYS,Malaysia,Export,690,SYC,Seychelles,12467967.77
20230101,2023,458,MYS,Malaysia,Export,694,SLE,Sierra Leone,15988670.52
20230101,2023,458,MYS,Malaysia,Export,699,IND,India,9984902056
20230101,2023,458,MYS,Malaysia,Export,702,SGP,Singapore,48092322740
20230101,2023,458,MYS,Malaysia,Export,703,SVK,Slovakia,163629763.7
20230101,2023,458,MYS,Malaysia,Export,704,VNM,Viet Nam,11404596587
20230101,2023,458,MYS,Malaysia,Export,705,SVN,Slovenia,189158312.1
20230101,2023,458,MYS,Malaysia,Export,706,SOM,Somalia,122071269.3
20230101,2023,458,MYS,Malaysia,Export,710,ZAF,South Africa,975607224.4
20230101,2023,458,MYS,Malaysia,Export,716,ZWE,Zimbabwe,4267878.854
20230101,2023,458,MYS,Malaysia,Export,724,ESP,Spain,1239418828
20230101,2023,458,MYS,Malaysia,Export,728,SSD,South Sudan,543809.843
20230101,2023,458,MYS,Malaysia,Export,729,SDN,Sudan,51902362.72
20230101,2023,458,MYS,Malaysia,Export,740,SUR,Suriname,5444721.646
20230101,2023,458,MYS,Malaysia,Export,752,SWE,Sweden,315968166.9
20230101,2023,458,MYS,Malaysia,Export,16,ASM,American Samoa,19878365.56
20230101,2023,458,MYS,Malaysia,Export,20,AND,Andorra,57251.82
20230101,2023,458,MYS,Malaysia,Export,24,AGO,Angola,123031835.3
20230101,2023,458,MYS,Malaysia,Export,28,ATG,Antigua and Barbuda,1682785.006
20230101,2023,458,MYS,Malaysia,Export,31,AZE,Azerbaijan,26175931.33
20230101,2023,458,MYS,Malaysia,Export,32,ARG,Argentina,157866072.5
20230101,2023,458,MYS,Malaysia,Export,36,AUS,Australia,10941691069
20230101,2023,458,MYS,Malaysia,Export,40,AUT,Austria,235906200.7
20230101,2023,458,MYS,Malaysia,Export,44,BHS,Bahamas,833090.458
20230101,2023,458,MYS,Malaysia,Export,48,BHR,Bahrain,46913251.13
20230101,2023,458,MYS,Malaysia,Export,51,ARM,Armenia,3067161.258
20230101,2023,458,MYS,Malaysia,Export,52,BRB,Barbados,3415119.595
20230101,2023,458,MYS,Malaysia,Export,56,BEL,Belgium,2048333568
20230101,2023,458,MYS,Malaysia,Export,60,BMU,Bermuda,465352.37
20230101,2023,458,MYS,Malaysia,Export,64,BTN,Bhutan,1984908.821
20230101,2023,458,MYS,Malaysia,Export,68,BOL,Bolivia (Plurinational State of),22168897.06
20230101,2023,458,MYS,Malaysia,Export,70,BIH,Bosnia Herzegovina,701560.858
20230101,2023,458,MYS,Malaysia,Export,72,BWA,Botswana,2211065.393
20230101,2023,458,MYS,Malaysia,Export,76,BRA,Brazil,1095884095
20230101,2023,458,MYS,Malaysia,Export,84,BLZ,Belize,2861509.338
20230101,2023,458,MYS,Malaysia,Export,90,SLB,Solomon Isds,25513932.82
20230101,2023,458,MYS,Malaysia,Export,92,VGB,Br. Virgin Isds,335161.402
20230101,2023,458,MYS,Malaysia,Export,96,BRN,Brunei Darussalam,1403799329
20230101,2023,458,MYS,Malaysia,Export,100,BGR,Bulgaria,104814590.8
20230101,2023,458,MYS,Malaysia,Export,104,MMR,Myanmar,877942926.7
20230101,2023,458,MYS,Malaysia,Export,108,BDI,Burundi,16386.794
20230101,2023,458,MYS,Malaysia,Export,112,BLR,Belarus,112411079.2
20230101,2023,458,MYS,Malaysia,Export,116,KHM,Cambodia,514868619.5
20230101,2023,458,MYS,Malaysia,Export,120,CMR,Cameroon,87412271.1
20230101,2023,458,MYS,Malaysia,Export,124,CAN,Canada,915283759.7
20230101,2023,458,MYS,Malaysia,Export,132,CPV,Cabo Verde,2431199.324
20230101,2023,458,MYS,Malaysia,Export,136,CYM,Cayman Isds,446699.439
20230101,2023,458,MYS,Malaysia,Export,140,CAF,Central African Rep.,1183907.615
20230101,2023,458,MYS,Malaysia,Export,144,LKA,Sri Lanka,726982823.4
20230101,2023,458,MYS,Malaysia,Export,148,TCD,Chad,885305.686
20230101,2023,458,MYS,Malaysia,Export,152,CHL,Chile,133741279.5
20230101,2023,458,MYS,Malaysia,Export,156,CHN,China,42145127267
20230101,2023,458,MYS,Malaysia,Export,162,CXR,Christmas Isds,1018483.088
20230101,2023,458,MYS,Malaysia,Export,170,COL,Colombia,116888776.5
20230101,2023,458,MYS,Malaysia,Export,174,COM,Comoros,6327499.607
20230101,2023,458,MYS,Malaysia,Export,178,COG,Congo,58067800.28
20230101,2023,458,MYS,Malaysia,Export,180,COD,Dem. Rep. of the Congo,24699877.7
20230101,2023,458,MYS,Malaysia,Export,184,COK,Cook Isds,465976.408
20230101,2023,458,MYS,Malaysia,Export,188,CRI,Costa Rica,638977985.3
20230101,2023,458,MYS,Malaysia,Export,191,HRV,Croatia,38445328.89
20230101,2023,458,MYS,Malaysia,Export,192,CUB,Cuba,6618340.755
20230101,2023,458,MYS,Malaysia,Export,196,CYP,Cyprus,8195789.727
20230101,2023,458,MYS,Malaysia,Export,203,CZE,Czechia,577891018.1
20230101,2023,458,MYS,Malaysia,Export,204,BEN,Benin,158588736.2
20230101,2023,458,MYS,Malaysia,Export,208,DNK,Denmark,194213856.9
20230101,2023,458,MYS,Malaysia,Export,212,DMA,Dominica,1123915.161
20230101,2023,458,MYS,Malaysia,Export,214,DOM,Dominican Rep.,40022295.47
20230101,2023,458,MYS,Malaysia,Export,218,ECU,Ecuador,64031933.79
20230101,2023,458,MYS,Malaysia,Export,222,SLV,El Salvador,13850008.82
20230101,2023,458,MYS,Malaysia,Export,226,GNQ,Equatorial Guinea,11633836.01
20230101,2023,458,MYS,Malaysia,Export,231,ETH,Ethiopia,81298676.89
20230101,2023,458,MYS,Malaysia,Export,233,EST,Estonia,83654987.55
20230101,2023,458,MYS,Malaysia,Export,234,FRO,Faeroe Isds,80469.039
20230101,2023,458,MYS,Malaysia,Export,242,FJI,Fiji,209793943.1
20230101,2023,458,MYS,Malaysia,Export,364,IRN,Iran,411284986.2
20230101,2023,458,MYS,Malaysia,Export,368,IRQ,Iraq,426027404.3
20230101,2023,458,MYS,Malaysia,Export,372,IRL,Ireland,206828728.9
20230101,2023,458,MYS,Malaysia,Export,380,ITA,Italy,1376447328
20230101,2023,458,MYS,Malaysia,Export,384,CIV,Côte d'Ivoire,115612340.5
20230101,2023,458,MYS,Malaysia,Export,388,JAM,Jamaica,14643277.53
20230101,2023,458,MYS,Malaysia,Export,392,JPN,Japan,18791083935
20230101,2023,458,MYS,Malaysia,Export,398,KAZ,Kazakhstan,102088960.5
20230101,2023,458,MYS,Malaysia,Export,400,JOR,Jordan,149376665.7
20230101,2023,458,MYS,Malaysia,Export,404,KEN,Kenya,1184250394
20230101,2023,458,MYS,Malaysia,Export,410,KOR,Rep. of Korea,12251988522
20230101,2023,458,MYS,Malaysia,Export,414,KWT,Kuwait,191071820.6
20230101,2023,458,MYS,Malaysia,Export,417,KGZ,Kyrgyzstan,35323635.83
20230101,2023,458,MYS,Malaysia,Export,418,LAO,Lao People's Dem. Rep.,29626455.95
20230101,2023,458,MYS,Malaysia,Export,422,LBN,Lebanon,58186946.92
20230101,2023,458,MYS,Malaysia,Export,426,LSO,Lesotho,174709.222
20230101,2023,458,MYS,Malaysia,Export,428,LVA,Latvia,35997991.42
20230101,2023,458,MYS,Malaysia,Export,430,LBR,Liberia,35487675.46
20230101,2023,458,MYS,Malaysia,Export,434,LBY,Libya,21381158.08
20230101,2023,458,MYS,Malaysia,Export,440,LTU,Lithuania,20899557.93
20230101,2023,458,MYS,Malaysia,Export,442,LUX,Luxembourg,28851560.38
20230101,2023,458,MYS,Malaysia,Export,446,MAC,"China, Macao SAR",30996342.95
20230101,2023,458,MYS,Malaysia,Export,450,MDG,Madagascar,113542577.5
20230101,2023,458,MYS,Malaysia,Export,454,MWI,Malawi,2046192.765
20230101,2023,458,MYS,Malaysia,Export,462,MDV,Maldives,176546483.5
20230101,2023,458,MYS,Malaysia,Export,466,MLI,Mali,2513434.131
20230101,2023,458,MYS,Malaysia,Export,470,MLT,Malta,69613625.52
20230101,2023,458,MYS,Malaysia,Export,478,MRT,Mauritania,112211405.2
20230101,2023,458,MYS,Malaysia,Export,480,MUS,Mauritius,103059936.1
20230101,2023,458,MYS,Malaysia,Export,484,MEX,Mexico,4103917218
20230101,2023,458,MYS,Malaysia,Export,490,S19,"Other Asia, nes",9492811102
20230101,2023,458,MYS,Malaysia,Export,496,MNG,Mongolia,33539612.04
20230101,2023,458,MYS,Malaysia,Export,498,MDA,Rep. of Moldova,725737.595
20230101,2023,458,MYS,Malaysia,Export,499,MNE,Montenegro,1115154.517
20230101,2023,458,MYS,Malaysia,Export,504,MAR,Morocco,136876044.1
20230101,2023,458,MYS,Malaysia,Export,508,MOZ,Mozambique,355162445.1
20230101,2023,458,MYS,Malaysia,Export,512,OMN,Oman,318114321.2
20230101,2023,458,MYS,Malaysia,Export,516,NAM,Namibia,47221490.34
20230101,2023,458,MYS,Malaysia,Export,520,NRU,Nauru,797686.747
20230101,2023,458,MYS,Malaysia,Export,524,NPL,Nepal,54807710.58
20230101,2023,458,MYS,Malaysia,Export,528,NLD,Netherlands,7861578214
20230101,2023,458,MYS,Malaysia,Export,548,VUT,Vanuatu,27223230.87
20230101,2023,458,MYS,Malaysia,Export,554,NZL,New Zealand,1619167563
20230101,2023,458,MYS,Malaysia,Export,558,NIC,Nicaragua,4065036.418
20230101,2023,458,MYS,Malaysia,Export,562,NER,Niger,6665220.747
20230101,2023,458,MYS,Malaysia,Export,566,NGA,Nigeria,519656971.3
20230101,2023,458,MYS,Malaysia,Export,531,CUW,Curaçao,830143.054
20230101,2023,458,MYS,Malaysia,Export,334,HMD,Heard Island and McDonald Islands,35496.462
20230101,2023,458,MYS,Malaysia,Export,336,VAT,Holy See (Vatican City State),60136.732
20230101,2023,458,MYS,Malaysia,Export,360,IDN,Indonesia,11162555980
20230101,2023,458,MYS,Malaysia,Export,764,THA,Thailand,12873639855
20230101,2023,458,MYS,Malaysia,Export,0,W00,World,3.12605E+11
